email,name,last_name,second_name,public_name,password
usuario1@test.com,Juan,Perez,Carlos,juanp,12345
usuario2@test.com,Maria,Gomez,Elena,mariag,12345
usuario3@test.com,Pedro,Rodriguez,Luis,pedror,12345
usuario4@test.com,Ana,Lopez,Maria,anal,12345
usuario5@test.com,Luis,Martinez,Jose,luism,12345
usuario6@test.com,Sofia,Hernandez,Lucia,sofiah,12345
usuario7@test.com,Carlos,Diaz,Miguel,carlosd,12345
usuario8@test.com,Lucia,Moreno,Ana,luciam,12345
usuario9@test.com,Miguel,Alvarez,Angel,miguela,12345
usuario10@test.com,Elena,Romero,Sofia,elenar,12345
